{
  "candidate_protocol": {
    "cooldown_seconds": 60.0,
    "max_session_spread_percent": 5.0,
    "ncu": false,
    "repetitions": 100,
    "sessions": 3,
    "warmup": 20
  },
  "hardware": "NVIDIA GeForce RTX 3080 (sm_86)",
  "pytorch_protocol": {
    "inner_loops": 0,
    "max_session_spread_percent": 5.0,
    "repetitions": 100,
    "sessions": 3,
    "warmup": 20
  },
  "results": [
    {
      "all_sessions_not_slower": true,
      "attempted_speedup": 172.6315766012478,
      "baseline_median_us": 18472.9604721,
      "baseline_p10_us": 18307.99350738,
      "baseline_p90_us": 18919.014167790003,
      "baseline_session_medians_us": [
        18358.7846756,
        18480.1273346,
        18472.9604721
      ],
      "candidate": "row_block_half2",
      "candidate_median_us": 107.008004189,
      "candidate_p10_us": 106.803202629,
      "candidate_p90_us": 107.9807996749,
      "candidate_session_medians_us": [
        107.008004189,
        107.008004189,
        107.008004189
      ],
      "candidate_vs_pytorch_best": 1.0296650736847754,
      "candidate_vs_pytorch_eager": 1.0296650736847754,
      "correct": true,
      "kernel": "Matrix-vector multiplication",
      "portfolio_speedup": 172.6315766012478,
      "pytorch_best_allocation_mode": "framework_allocated",
      "pytorch_best_median_us": 110.18240451812744,
      "pytorch_best_method": "pytorch_eager",
      "pytorch_best_p10_us": 109.56799983978271,
      "pytorch_best_p90_us": 177.4250666300456,
      "pytorch_best_stable": true,
      "pytorch_eager_median_us": 110.18240451812744,
      "pytorch_eager_method": "pytorch_eager",
      "pytorch_eager_p10_us": 109.56799983978271,
      "pytorch_eager_p90_us": 177.4250666300456,
      "pytorch_eager_stable": true,
      "selected_median_us": 107.008004189,
      "selected_variant": "row_block_half2",
      "selected_vs_pytorch_best": 1.0296650736847754,
      "selected_vs_pytorch_eager": 1.0296650736847754,
      "session_speedups": [
        171.56459289881056,
        172.69855161451264,
        172.6315766012478
      ],
      "source": "004_matvec_sm86.cu",
      "stable": true,
      "task_id": "004",
      "verified_improvement": true
    },
    {
      "all_sessions_not_slower": true,
      "attempted_speedup": 12.392788671143476,
      "baseline_median_us": 10031.6157341,
      "baseline_p10_us": 8961.02428436,
      "baseline_p90_us": 10883.27674864,
      "baseline_session_medians_us": [
        10036.736011500001,
        10031.6157341,
        10027.5197029
      ],
      "candidate": "cublas_gemm_ex",
      "candidate_median_us": 809.472024441,
      "candidate_p10_us": 805.88799715,
      "candidate_p90_us": 880.4352045054042,
      "candidate_session_medians_us": [
        809.472024441,
        809.472024441,
        810.495972633
      ],
      "candidate_vs_pytorch_best": 1.0177102969824718,
      "candidate_vs_pytorch_eager": 1.0177102969824718,
      "correct": true,
      "kernel": "Small-K matrix multiplication",
      "portfolio_speedup": 12.392788671143476,
      "pytorch_best_allocation_mode": "framework_allocated",
      "pytorch_best_median_us": 823.8080143928528,
      "pytorch_best_method": "pytorch_eager",
      "pytorch_best_p10_us": 804.3519854545593,
      "pytorch_best_p90_us": 1194.8544263839724,
      "pytorch_best_stable": true,
      "pytorch_eager_median_us": 823.8080143928528,
      "pytorch_eager_method": "pytorch_eager",
      "pytorch_eager_p10_us": 804.3519854545593,
      "pytorch_eager_p90_us": 1194.8544263839724,
      "pytorch_eager_stable": true,
      "selected_median_us": 809.472024441,
      "selected_variant": "cublas_gemm_ex",
      "selected_vs_pytorch_best": 1.0177102969824718,
      "selected_vs_pytorch_eager": 1.0177102969824718,
      "session_speedups": [
        12.399114124334446,
        12.392788671143476,
        12.372078383467246
      ],
      "source": "007_small_k_matmul_cublas.cu",
      "stable": true,
      "task_id": "007",
      "verified_improvement": true
    },
    {
      "all_sessions_not_slower": false,
      "attempted_speedup": 1.0176455686997197,
      "baseline_median_us": 9.65174461933,
      "baseline_p10_us": 9.125754253177,
      "baseline_p90_us": 12.892862961570001,
      "baseline_session_medians_us": [
        9.970525900525,
        9.65174461933,
        9.48506107136
      ],
      "candidate": "pack8_relu",
      "candidate_median_us": 9.484387213185,
      "candidate_p10_us": 8.65313668366,
      "candidate_p90_us": 11.262203517730002,
      "candidate_session_medians_us": [
        9.484387213185,
        9.117193389355,
        9.4981223953
      ],
      "candidate_vs_pytorch_best": 0.9851980732933991,
      "candidate_vs_pytorch_eager": 0.9851980732933991,
      "correct": true,
      "kernel": "ReLU",
      "portfolio_speedup": 1.0,
      "pytorch_best_allocation_mode": "framework_allocated",
      "pytorch_best_median_us": 9.344000008798414,
      "pytorch_best_method": "pytorch_eager",
      "pytorch_best_p10_us": 8.601175317356015,
      "pytorch_best_p90_us": 11.367356665780614,
      "pytorch_best_stable": true,
      "pytorch_eager_median_us": 9.344000008798414,
      "pytorch_eager_method": "pytorch_eager",
      "pytorch_eager_p10_us": 8.601175317356015,
      "pytorch_eager_p90_us": 11.367356665780614,
      "pytorch_eager_stable": true,
      "selected_median_us": 9.65174461933,
      "selected_variant": "upstream_baseline",
      "selected_vs_pytorch_best": 0.9681151312359373,
      "selected_vs_pytorch_eager": 0.9681151312359373,
      "session_speedups": [
        1.0512567313430836,
        1.0586311167424756,
        0.998624852007965
      ],
      "source": "019_relu_sm86.cu",
      "stable": false,
      "task_id": "019",
      "verified_improvement": false
    },
    {
      "all_sessions_not_slower": true,
      "attempted_speedup": 1.0082730051731885,
      "baseline_median_us": 12.800000332,
      "baseline_p10_us": 12.7212305864,
      "baseline_p90_us": 18.16635373707,
      "baseline_session_medians_us": [
        15.45646397965,
        12.800000332,
        12.7737438067
      ],
      "candidate": "cached_softmax",
      "candidate_median_us": 12.6949747403,
      "candidate_p10_us": 12.53390357667,
      "candidate_p90_us": 15.498893269100002,
      "candidate_session_medians_us": [
        12.6949747403,
        12.7027849608,
        12.61810527035
      ],
      "candidate_vs_pytorch_best": 0.8014272410541491,
      "candidate_vs_pytorch_eager": 0.8177093522462389,
      "correct": true,
      "kernel": "Softmax",
      "portfolio_speedup": 1.0,
      "pytorch_best_allocation_mode": "preallocated_out",
      "pytorch_best_median_us": 10.17409858137074,
      "pytorch_best_method": "pytorch_preallocated_out",
      "pytorch_best_p10_us": 9.446112627393743,
      "pytorch_best_p90_us": 14.453790204810657,
      "pytorch_best_stable": false,
      "pytorch_eager_median_us": 10.380799571673077,
      "pytorch_eager_method": "pytorch_eager",
      "pytorch_eager_p10_us": 9.41909352938334,
      "pytorch_eager_p90_us": 14.876817202349324,
      "pytorch_eager_stable": false,
      "selected_median_us": 12.800000332,
      "selected_variant": "upstream_baseline",
      "selected_vs_pytorch_best": 0.7948514310531302,
      "selected_vs_pytorch_eager": 0.810999945501648,
      "session_speedups": [
        1.2175261704604812,
        1.0076530754082667,
        1.0123345409643807
      ],
      "source": "023_softmax_sm86.cu",
      "stable": false,
      "task_id": "023",
      "verified_improvement": false
    },
    {
      "all_sessions_not_slower": false,
      "attempted_speedup": 1.0044619828789811,
      "baseline_median_us": 9.25197859068,
      "baseline_p10_us": 8.87999963015,
      "baseline_p90_us": 11.91398917417,
      "baseline_session_medians_us": [
        9.25197859068,
        9.24799963832,
        9.488000224035
      ],
      "candidate": "pack8_gelu",